"DESCRIPTION","DURATION IN MS","NAME","PARENT SUITE","START TIME","STATUS","STOP TIME","SUB SUITE","SUITE","TEST CLASS","TEST METHOD"
"","0","test_home","tests","2026-04-13","broken","2026-04-13","","test_home","",""
"","304998","test_lesson_flow","tests","2026-04-14","passed","2026-04-14","","test_lesson_plan","",""
"","23947","test_side_menu_navigation","tests","2026-04-14","broken","2026-04-14","","test_side_menu","",""
"","209","test_lesson_pdf_video","tests","2026-04-13","broken","2026-04-13","","test_lesson_plan","",""
"","11033","test_login","tests","2026-04-14","passed","2026-04-14","","test_login","",""
"","24304","test_student_management","tests","2026-04-14","broken","2026-04-14","","test_student_management","",""
"","303369","test_class_report","tests","2026-04-14","passed","2026-04-14","","test_class_report","",""
"","12636","test_home_page","tests","2026-04-14","passed","2026-04-14","","test_home","",""
"","21735","test_student_report","tests","2026-04-14","broken","2026-04-14","","test_student_report","",""
